Sex,Value_recent
BOTHSEX,71.6838805670103
FEMALE,71.42891294736842
MALE,71.02204757894737
